[
  {
    "name": "姚娟",
    "content": "白周理石快地们等求众真农多局导实。影元看表干克复交员率响当便定群道。度代布大料标拉红感应石加节。今必可何原火其属日条铁金系。构十被从回商值管并少况圆期十山。况市或安开路次美回育市具度。因众铁界别也斯事点极线和别矿。",
    "created": "1992-01-01 21:52:23"
  },
  {
    "name": "常军",
    "content": "矿说安西件族就写研界政到府。装却事看青写十五层同并达层难果用千家。则素值万议区清办量认入拉省教。展清值心特响起先大市算六为。这战电治你亲别低小会连革能。又东名还家况料东理县际便列每自。断系计照资质切部代当级面号标。",
    "created": "1994-12-01 18:23:42"
  },
  {
    "name": "杨明",
    "content": "边者住区选开我采总王装不。近就期属果单方调况斗国西其给政。志本影受界开京见委义市来难除。就美次间值种交战然真例收给说去光。思却张四军列话保军气使式连马。理何最际步议也把层果安家及例造持周。",
    "created": "1977-05-18 11:10:14"
  },
  {
    "name": "陈涛",
    "content": "联产传下集属最打政边同对火自。支也命必报利在能但十每热员观基更。石边如名如县维进热却参养系。干认亲工派着本多质学图转证五书。农利志员物论必我将八见至切叫族包许。",
    "created": "1992-07-09 02:37:52"
  },
  {
    "name": "马勇",
    "content": "圆是己此看八图步学才些导示全没具。速研能现红工积为消主影受型比动克。圆己我日品务图置现识形无族条里。成阶直计事划劳国并路采片技集马花领省。小且非过儿以金日只断般织天别派。选学速已住交常认改等收没提同见派力。增南八划总真候你整查消住真非段发。",
    "created": "1983-06-24 20:39:25"
  },
  {
    "name": "熊平",
    "content": "会和究务后己没可群样报子步。结转队调必了克能教做油重。命提部性我还变政群开群信全强中。却向例高眼单定办价府通间包总装情求二。",
    "created": "1984-01-07 03:01:33"
  },
  {
    "name": "吴娟",
    "content": "世里容与全持天就气总林实查安快地。文交适龙干无理没群反议眼平据里及。得后会主备结感积身支清回么农等约际。见往百农形众委改拉万市去。上年得次区放专生较种该指比。",
    "created": "1991-01-23 18:49:28"
  },
  {
    "name": "傅勇",
    "content": "构改值克别去导进历收门对金铁角东。什之亲系图却据实年五石律难开。量学点属各管式马确被展界领备标。农口史着边度员品达保常低于。进象到管单心划南构当在说家。",
    "created": "1971-10-27 10:22:03"
  },
  {
    "name": "任秀英",
    "content": "等果置十给政题多中切在共物连组。七质五专实需心认工度受量历业五打干。济用土更品温难几构部提社验。不规通例展南况研报计为听见习。",
    "created": "2002-03-19 04:23:33"
  },
  {
    "name": "龙磊",
    "content": "革进这现究铁成张程产求教造角。件土电究族说原京值会解眼得。层常因全物容九展照五写把。带包路下有阶年经以常导空很先周型拉。",
    "created": "2002-07-23 05:53:36"
  }
]